level,key,class,budget_ms,completed_depth,nodes,nps,nodes_depth_proxy,qsearch_ratio,eval_per_node,movegen_per_node,make_unmake_per_node,pseudo_to_legal_ratio,tt_hit_rate,tt_cutoff_rate,tt_depth_reject_per_hit,tt_bound_reject_per_eligible_hit,tt_cutoff_per_eligible_hit,tt_store_per_probe,lmr_research_rate,null_research_rate,aspiration_retry_per_iter,futility_pruned,qsearch_see_prune_rate,aborted_iteration_depth,completed_iteration_growth
position,closed_01,closed_middlegame,500,5.0,76454.0,156026.0,9.4772,0.8047191775446674,0.9639783399168127,2.772438328929814,113.10482119967563,1.1360881906005202,0.22848895116228032,0.0030386413896719955,0.8838566678980421,0.8854961832061069,0.11450381679389313,0.9967101933394068,0.0821917808219178,0.3333333333333333,0.6,6668.0,0.41192919585165877,6.0,4.493117369521864
position,closed_01,closed_middlegame,1000,6.0,117066.0,119664.0,6.994207,0.7888456084601848,0.9590999948746861,2.7430509285360394,110.89359848290708,1.1625640816284704,0.24594447089424853,0.002090179639327891,0.9257790368271954,0.8854961832061069,0.11450381679389313,0.9977124145058467,0.0821917808219178,0.5384615384615384,0.5,7646.0,0.38654295272360034,0.0,4.493117369521864
position,closed_01,closed_middlegame,3000,6.0,393515.0,133848.0,8.56039,0.853304849001825,0.9741051802345527,2.857078854180641,123.47247245975376,1.0892235172144829,0.126989343632937,0.0006398473673189232,0.9337196253120491,0.9239806496199032,0.07601935038009675,0.9992810406356992,0.045714285714285714,0.2833333333333333,0.5,166879.0,0.41313683492641967,7.0,4.493117369521864
position,closed_02,closed_middlegame,500,5.0,73376.0,149745.0,9.399631,0.8694123419101614,0.9759594417793284,2.7077791103358044,127.38865569123419,1.0570562336969032,0.19725590523585898,0.0024356907548889043,0.5850581860175891,0.9702419182187968,0.029758081781203167,0.997424125604542,0.008849557522123894,0.25,0.0,15595.0,0.49492482637563917,6.0,4.256224752949769
position,closed_02,closed_middlegame,1000,5.0,121984.0,124472.0,10.405443,0.8457010755508919,0.9617982686253935,2.5666562827911856,121.29605522035676,1.0814170854184377,0.23434664810718103,0.0017275235514901445,0.752280441238863,0.9702419182187968,0.029758081781203167,0.9981481941786184,0.008849557522123894,0.23076923076923078,0.0,17747.0,0.47072546025180073,6.0,4.256224752949769
position,closed_02,closed_middlegame,3000,6.0,380301.0,129353.0,8.511797,0.8331479538576023,0.958724799566659,2.5525307585307426,121.69935919179808,1.0859516378089251,0.18945343550284569,0.0006478331372611364,0.868318368716959,0.9740321809781742,0.025967819021825714,0.9992595818815331,0.016129032258064516,0.3333333333333333,0.0,161682.0,0.45177275554634044,7.0,4.256224752949769
position,closed_03,closed_middlegame,500,4.0,47662.0,97268.0,14.77553,0.8898073937308548,0.9664302798875415,2.6801854727036214,131.83114430783434,1.0938536913357584,0.2631562918747716,0.0032281642100134,0.2967249160976739,0.9825571828204707,0.017442817179529373,0.9966195638932879,0.11666666666666667,0.0,0.0,7245.0,0.3943216386128574,5.0,3.2898675477921064
position,closed_03,closed_middlegame,1000,5.0,120606.0,122885.0,10.381827,0.8718554632439514,0.9566273651393795,2.6208977994461304,128.81002603518897,1.108941386895372,0.2128406963924002,0.0017932915740553647,0.5707386871758183,0.9802777777777778,0.01972222222222222,0.9981309355425338,0.09836065573770492,0.0,0.0,28121.0,0.4690204271778873,6.0,3.2898675477921064
position,closed_03,closed_middlegame,3000,6.0,363414.0,123609.0,8.447605,0.8349134892395823,0.9570957640597225,2.62457968047461,126.99925704568344,1.119850513633466,0.1699494353203651,0.0007246789834952326,0.8149913760061326,0.9769519616729251,0.02304803832707497,0.9992061101023507,0.05454545454545454,0.1956521739130435,0.0,140153.0,0.49455429139511764,7.0,3.2898675477921064
position,closed_04,closed_middlegame,500,5.0,53651.0,109490.0,8.829082,0.8545973048032656,0.9782669474939889,2.5101489254627127,117.7469199082962,1.0488807300677505,0.22840961273534363,0.0011020970457676412,0.7541884465889291,0.9803707742639041,0.019629225736095966,0.9985611510791367,0.034482758620689655,0.5555555555555556,0.0,36571.0,0.3979199481145187,6.0,4.615408210214202
position,closed_04,closed_middlegame,1000,5.0,108630.0,110845.0,10.166933,0.8292141097736674,0.9634821165175259,2.4972254496444672,117.52013756564577,1.07980692818654,0.21384756823559556,0.0015795097325673228,0.6894924115895723,0.9761459307764265,0.023854069223573433,0.9980178701395234,0.022727272727272728,0.8076923076923077,0.0,57469.0,0.44613258165275405,6.0,4.615408210214202
position,closed_04,closed_middlegame,3000,6.0,382757.0,130189.0,8.520934,0.8359668943704196,0.9614585755453199,2.4448723341441174,115.33156949037786,1.0838887555631809,0.17917056227564926,0.0024754273866559448,0.3986913967447142,0.977023381294964,0.02297661870503597,0.9973140226375719,0.028077753779697623,0.475,0.0,183825.0,0.4665919058223956,7.0,4.615408210214202
position,mid_01,normal_middlegame,500,5.0,85466.0,174418.0,9.690779,0.8557087028759974,0.9091685582570846,2.50927854351438,116.86092715231788,1.1512051323737458,0.19895257378708822,0.0006619422163382915,0.938937273705842,0.9455128205128205,0.05448717948717949,0.9990897470658868,0.0,0.6363636363636364,0.0,25442.0,0.5294237388504386,6.0,4.659267381897932
position,mid_01,normal_middlegame,1000,5.0,130874.0,133543.0,10.552872,0.8475403823524917,0.8914604887143359,2.4367177590659717,113.13955407491174,1.1868589031694385,0.23546779582901256,0.0004896877520451665,0.9618325279833629,0.9455128205128205,0.05448717948717949,0.9992222606291047,0.0,0.7222222222222222,0.0,26913.0,0.5132728226413373,6.0,4.659267381897932
position,mid_01,normal_middlegame,3000,6.0,413092.0,140507.0,8.62994,0.8492902307476301,0.9123342984129443,2.542215777599179,120.07611379547413,1.1499164775378163,0.16250926154606077,0.00025077417026046317,0.9845452419920505,0.9001512859304085,0.09984871406959153,0.9996162395273287,0.006172839506172839,0.45901639344262296,0.0,301002.0,0.501756622881045,7.0,4.659267381897932
position,mid_02,normal_middlegame,500,5.0,72333.0,147616.0,9.372756,0.8606859939446726,0.8778271096327019,2.4629145756432056,125.87109618016673,1.2242363097521156,0.21087024167617466,0.002178197282439581,0.8365715691096901,0.9367945823927766,0.06320541760722348,0.9976143553573281,0.10112359550561797,0.14285714285714285,0.0,39079.0,0.4480188971063806,6.0,5.407653646760854
position,mid_02,normal_middlegame,1000,5.0,126486.0,129066.0,10.481139,0.8510032730895118,0.8689657353382984,2.3781525228088483,120.06903530825547,1.251656964073962,0.2545754185098447,0.0014450369860657148,0.9100020315568498,0.9367945823927766,0.06320541760722348,0.9983141235162567,0.10112359550561797,0.45,0.0,46893.0,0.40404805714904213,6.0,5.407653646760854
position,mid_02,normal_middlegame,3000,6.0,303259.0,103148.0,8.196635,0.8402919597609864,0.8681780363196292,2.417003287618834,123.93637781566252,1.2428517491019049,0.21701826660466456,0.0007007983861988564,0.885740153915799,0.9717379820390913,0.02826201796090861,0.9991027160849604,0.04710144927536232,0.40350877192982454,0.0,279250.0,0.4043926452044938,7.0,5.407653646760854
position,mid_03,normal_middlegame,500,5.0,59146.0,120704.0,9.002955,0.8500796293615173,0.9227335745443479,2.5119534710715854,116.98830013863997,1.1416794357715385,0.1928885651040937,0.0009526744935414274,0.8993317838466008,0.950937950937951,0.049062049062049064,0.9987951469640506,0.0,0.4,0.0,28908.0,0.48898545144522976,6.0,4.680522836081769
position,mid_03,normal_middlegame,1000,5.0,143788.0,146721.0,10.753368,0.841148079116477,0.892438868333936,2.3867996744639535,109.15360113500431,1.2029061475443839,0.26251327330647156,0.0004945670356524648,0.9616002659721837,0.950937950937951,0.049062049062049064,0.9991324513255143,0.0,0.72,0.0,37746.0,0.4666487874027815,6.0,4.680522836081769
position,mid_03,normal_middlegame,3000,6.0,355388.0,120879.0,8.416221,0.8270677155067494,0.9050080475424044,2.4845914887390683,119.2813319526827,1.170761080750078,0.185323255096027,0.0003274179817955602,0.9710002271522677,0.939077458659704,0.060922541340295906,0.9995041956275668,0.010256410256410256,0.4027777777777778,0.0,410052.0,0.4560595218256497,7.0,4.680522836081769
position,mid_04,normal_middlegame,500,5.0,55078.0,112403.0,8.875557,0.8270634373070918,0.9076219180071898,2.3937506808526092,119.22339228003922,1.1513993653682963,0.29898506254847085,0.0005732204875746029,0.8330889816172324,0.9885135135135135,0.011486486486486487,0.9989679619492058,0.011494252873563218,0.7272727272727273,0.0,65971.0,0.455267779977139,6.0,4.784451136052559
position,mid_04,normal_middlegame,1000,6.0,118973.0,124458.0,7.013068,0.8241197582644801,0.8931858488900843,2.2932598152522,112.82564951711733,1.1891993472796756,0.30596005722909275,0.0003331830742998256,0.9051950547690731,0.9885135135135135,0.011486486486486487,0.9990592477902123,0.011494252873563218,0.8157894736842105,0.0,100239.0,0.4444580268041695,0.0,4.784451136052559
position,mid_04,normal_middlegame,3000,6.0,386240.0,131374.0,8.533808,0.8023016777133388,0.9114700358722729,2.4937862468931233,125.98758802816901,1.1585817778713083,0.15855187401995655,0.00017008349913178307,0.9406599985034048,0.9819251786464901,0.01807482135350988,0.9995749903677723,0.03482587064676617,0.49572649572649574,0.0,841876.0,0.4303728629210428,7.0,4.784451136052559
position,mid_05,normal_middlegame,500,7.0,65479.0,133628.0,4.949129,0.6692832816628232,0.8984572654273457,2.431038959055575,127.45055549444506,1.1259486570950206,0.3054353704705246,0.0017770223286718689,0.7925757288307089,0.9719512195121951,0.02804878048780488,0.9970833655257668,0.0,0.43333333333333335,0.0,142840.0,0.17072526892364548,8.0,1.6330931549150798
position,mid_05,normal_middlegame,1000,7.0,107347.0,109536.0,5.232199,0.6406140832999525,0.9042733537350565,2.398939886536186,126.40384919932555,1.1365352275211773,0.24236174658890694,0.0012838548424546211,0.8074387151310228,0.9724904887328065,0.027509511267193445,0.9960689033878409,0.0,0.6914498141263941,0.0,224782.0,0.14920714196528906,8.0,1.6330931549150798
position,mid_05,normal_middlegame,3000,7.0,344916.0,117318.0,6.181614,0.64615811049353,0.89092416704357,2.3207882498927277,123.76278282248431,1.1666342107655208,0.14351584167148498,0.0004899991180015876,0.8659565024411895,0.9745287824758023,0.02547121752419766,0.9950412089258239,0.0,0.8575498575498576,0.0,424262.0,0.10203870195351622,8.0,1.6330931549150798
position,mid_06,normal_middlegame,500,5.0,78279.0,159752.0,9.522019,0.8912607468158765,0.8368527957689802,2.4115790952873697,128.93961343399891,1.3015767194281695,0.2372624203470249,2.7585445918733275e-05,0.7597953726310894,0.9995159728944821,0.000484027105517909,0.9997241455408127,0.019417475728155338,0.6666666666666666,0.0,36765.0,0.4571491464070831,6.0,6.862333594361785
position,mid_06,normal_middlegame,1000,5.0,132483.0,133536.0,10.578693,0.8887253458934354,0.8197841214672549,2.3634202124046104,124.77635621174038,1.351530533756476,0.2520457358183867,1.8471655245026508e-05,0.8485892268230121,0.9995159728944821,0.000484027105517909,0.9997243457806527,0.019417475728155338,0.5384615384615384,0.0,43513.0,0.4964531319627609,6.0,6.862333594361785
position,mid_06,normal_middlegame,3000,6.0,355131.0,120792.0,8.415206,0.8812832447744635,0.842931200036043,2.434912750506151,129.32765092318047,1.29285505553201,0.1690607925660232,1.1514833984881023e-05,0.9006606729328429,0.9993143640726774,0.0006856359273225917,0.9998100052392495,0.0125,0.5333333333333333,0.0,169616.0,0.473904023141051,7.0,6.862333594361785
position,mid_07,normal_middlegame,500,5.0,72955.0,148885.0,9.376588,0.759769721060928,0.942526214789939,2.2635734356795285,119.91397436776094,1.1112884610290583,0.14568485356650895,0.005420135353656345,0.5798561151079137,0.9114481409001957,0.0885518590998043,0.9929927531891957,0.0,0.9574468085106383,0.4,62098.0,0.39228795770815517,6.0,8.92951221110571
position,mid_07,normal_middlegame,1000,6.0,127736.0,130341.0,7.096631,0.747081469335377,0.9323635160140207,2.4161630237364564,131.8031565103025,1.117657131903027,0.22023824838551986,0.0023413178274628863,0.8246495327102804,0.9393737508327782,0.060626249167221855,0.9967453109321532,0.0,0.7530864197530864,0.3333333333333333,252443.0,0.40493739167058135,7.0,8.92951221110571
position,mid_07,normal_middlegame,3000,7.0,370323.0,125959.0,6.244699,0.7297494349527305,0.9438139137995749,2.380664987051844,125.33197775995549,1.110286447021506,0.19544140159891138,0.0010067900865655586,0.7983910803754146,0.9744487224361218,0.025551277563878195,0.9976111455560013,0.0,0.8357348703170029,0.2857142857142857,687257.0,0.35680545172858363,8.0,8.92951221110571
position,mid_08,normal_middlegame,500,7.0,64581.0,131796.0,4.86584,0.7284650284139298,0.8281383069323794,2.3548412071661944,131.18847650219232,1.2285152523750307,0.2086054866100588,0.011301103266850993,0.4684963277928102,0.8979393939393939,0.10206060606060606,0.9855582100770408,0.0,0.7304964539007093,0.8571428571428571,89575.0,0.4683856423262531,8.0,10.684815866111254
position,mid_08,normal_middlegame,1000,7.0,94408.0,96334.0,5.137071,0.7488405506196055,0.8400329611122263,2.379485933422779,129.22832810778746,1.234717478514145,0.2343589839163576,0.00799522895428369,0.48111332007952284,0.9342528735632184,0.06574712643678161,0.9886302313031504,0.0,0.7731481481481481,0.8571428571428571,113904.0,0.4554222648752399,8.0,10.684815866111254
position,mid_08,normal_middlegame,3000,8.0,333498.0,119924.0,4.902151,0.6961750895057841,0.8913966500548729,2.265521832214886,126.3364278046645,1.1564922688172108,0.14724785485544684,0.0025719418439874584,0.7510703595650362,0.9298325722983257,0.07016742770167428,0.991263208399817,0.0,0.9196652719665271,0.75,395769.0,0.3244440780660718,0.0,10.684815866111254
position,opening_01,opening,500,6.0,83490.0,170386.0,6.61108,0.7768714816145647,0.972691340280273,2.9592645825847406,102.97870403641154,1.1924166714388569,0.22970763201669064,0.0020158448222391385,0.8958576250383553,0.9157336476134355,0.08426635238656452,0.9976740252051087,0.07407407407407407,0.5217391304347826,0.5,2264.0,0.33534320323014805,7.0,7.437064527714593
position,opening_01,opening,1000,6.0,119921.0,122367.0,7.022351,0.8132687352507068,0.974350168284091,2.9632994583118686,108.22329415070482,1.1624769971026823,0.16651389286737325,0.0013654158311849518,0.9026893743907334,0.9157336476134355,0.08426635238656452,0.9984245201947866,0.07407407407407407,0.41379310344827586,0.5,5618.0,0.342895097347337,7.0,7.437064527714593
position,opening_01,opening,3000,7.0,366911.0,138516.0,6.236447,0.8458727048248758,0.9791993153653066,3.044651155184772,113.751531025235,1.1674638107264879,0.1266301398107355,0.0006428079793088601,0.7075641117735795,0.9826414476377631,0.017358552362236962,0.999254100174953,0.07258064516129033,0.38271604938271603,0.42857142857142855,65725.0,0.3102913637919578,0.0,7.437064527714593
position,opening_02,opening,500,5.0,75918.0,154932.0,9.463874,0.8110197845043337,0.936385046425381,2.7501150483202945,115.1095128954925,1.1695104407450563,0.20990966044789033,0.0035305112318715173,0.8566246186824965,0.882691201840138,0.11730879815986199,0.9963137309196636,0.125,0.1,0.6,7224.0,0.41385298089909317,6.0,3.7873333582284627
position,opening_02,opening,1000,5.0,119674.0,122116.0,10.365732,0.7845563781606698,0.9293173954073608,2.7145486001887384,112.25287029764193,1.2066344588816929,0.250212904956894,0.002379869107199104,0.9189201790376725,0.882691201840138,0.11730879815986199,0.9973868103920951,0.125,0.4166666666666667,0.6,8669.0,0.39431136105553455,6.0,3.7873333582284627
position,opening_02,opening,3000,6.0,382959.0,130258.0,8.521683,0.8239080423752935,0.9459367712992774,2.7833606208497517,121.32585994845401,1.1407807347291747,0.15490861049391105,0.0006763740032175175,0.9433608095976496,0.9229106628242075,0.07708933717579251,0.9992351284636513,0.06779661016949153,0.2903225806451613,0.5,277011.0,0.37133262392725364,7.0,3.7873333582284627
position,opening_03,opening,500,5.0,76432.0,155981.0,9.476654,0.797506280092108,0.9333263554532133,2.8087188612099645,112.41135549731754,1.2084787565969155,0.22740459718812764,0.0033131340875148063,0.8981656224050728,0.8569310600444774,0.1430689399555226,0.996549533929583,0.375,0.0,0.6,6301.0,0.4525278662420382,6.0,3.75646800041898
position,opening_03,opening,1000,5.0,118396.0,120811.0,10.343497,0.7603637356470035,0.9379253097681819,2.773573431534849,110.56696440151836,1.217107309903206,0.2600841769992037,0.002195427141394608,0.9409989503149055,0.8569310600444774,0.1430689399555226,0.997679444886816,0.375,0.08,0.6,7579.0,0.4321532621170654,6.0,3.75646800041898
position,opening_03,opening,3000,6.0,401226.0,136470.0,8.588121,0.8409599577295589,0.9577943602857243,2.9201921111792357,120.93723736746871,1.1630437557978268,0.13147561931867685,0.0009583829465919321,0.9547392370391642,0.8389458272327965,0.16105417276720352,0.9990009583829466,0.09895833333333333,0.05555555555555555,0.6666666666666666,176255.0,0.3965238218539617,7.0,3.75646800041898
position,opening_04,opening,500,5.0,70328.0,143525.0,9.320209,0.8468604254351041,0.9171738141280855,2.5423398289041037,115.95293481970197,1.1722817140201478,0.21320114541473156,0.0035854368698414224,0.6936794582392777,0.945099484156227,0.05490051584377303,0.9961739297831893,0.037037037037037035,0.75,0.2,16502.0,0.45180592081453425,6.0,7.542214232581205
position,opening_04,opening,1000,5.0,110146.0,112392.0,10.195153,0.8333030704701033,0.9235534875705484,2.5121747498774356,112.73397127449022,1.1725610455379094,0.21393690162565057,0.00239349739767397,0.7962156479951945,0.945099484156227,0.05490051584377303,0.9972691640429223,0.037037037037037035,0.8461538461538461,0.2,18194.0,0.4706547072533371,6.0,7.542214232581205
position,opening_04,opening,3000,6.0,338664.0,115190.0,8.348879,0.8217256525224569,0.9029126213592233,2.5157501240167246,118.00561618595422,1.2144548854212567,0.18845214919192857,0.001848933386895749,0.5570768768276352,0.9778490775590795,0.022150922440920588,0.997888404767055,0.025889967637540454,0.6617647058823529,0.16666666666666666,129765.0,0.41947967176426704,7.0,7.542214232581205
position,opening_05,opening,500,5.0,75026.0,153111.0,9.44153,0.8696965784377018,0.8249140298030017,2.4907098872390905,120.52645749473515,1.3251526146466328,0.24745654938533276,0.0074147049673338175,0.6449017969076473,0.9158576051779935,0.08414239482200647,0.9923778906979156,0.008064516129032258,0.0,0.2,24685.0,0.4891483117804508,6.0,5.662366396623324
position,opening_05,opening,1000,5.0,117948.0,120354.0,10.335658,0.8632094138930841,0.8285261301590532,2.4700037304574898,116.72852443449656,1.3363002061562521,0.22095819946981268,0.005020979266515686,0.7299380263785158,0.9158576051779935,0.08414239482200647,0.9947332385316269,0.008064516129032258,0.5,0.2,26990.0,0.47912251289026664,6.0,5.662366396623324
position,opening_05,opening,3000,6.0,374141.0,127258.0,8.488662,0.8613475387602396,0.8642382735432814,2.5325945690894494,119.50818541672791,1.2638507318893255,0.14370196614061395,0.0013884912682507872,0.8710098144706381,0.9264408493427705,0.07355915065722952,0.9984635938543754,0.028225806451612902,0.48936170212765956,0.16666666666666666,180230.0,0.44736975163821696,7.0,5.662366396623324
position,pawn_01,pawn_endgame,500,8.0,111093.0,226719.0,4.272783,0.7002421394687334,0.694202154951257,3.3563680879983435,38.3100645405201,1.438127314660812,0.25920814520993657,0.0006580510720748716,0.9625542117696837,0.9322033898305084,0.06779661016949153,0.9992596925439158,0.0,0.0,0.0,0.0,0.0,9.0,3.4338938058125654
position,pawn_01,pawn_endgame,1000,9.0,301893.0,308051.0,4.063241,0.678170742614105,0.670426276859682,3.2978008764694775,38.743740331839426,1.41229725006949,0.24330292879376508,0.000335319281536101,0.9848398368437905,0.9090909090909091,0.09090909090909091,0.9996308100839653,0.0,0.0,0.0,0.0,0.0,10.0,3.4338938058125654
position,pawn_01,pawn_endgame,3000,10.0,905721.0,308067.0,3.941844,0.6872657253171782,0.6792643650748962,3.3151908810770645,38.245943287171215,1.4142220420715172,0.17990828187431893,0.0002712949509625863,0.9921888801958458,0.8069466882067852,0.19305331179321486,0.9997162186705413,0.0,0.0,0.0,0.0,0.0,11.0,3.4338938058125654
position,pawn_02,pawn_endgame,500,11.0,156355.0,319090.0,2.937633,0.6648482031460234,0.6609217897595224,3.2886341952687332,34.32083416313409,1.331833466486186,0.32226684403311123,1.318982800464282e-05,0.9868018008757683,0.9968847352024922,0.003115264797507788,0.9998944813759628,0.0,0.0,0.18181818181818182,0.0,0.0,12.0,3.0657828544373094
position,pawn_02,pawn_endgame,1000,12.0,336472.0,343338.0,2.863494,0.5532028863104315,0.5512444804697907,3.0868755632896683,33.7122791792482,1.2954139219637089,0.3729906864436012,1.0034653001699201e-05,0.9942160191122846,0.9953416149068323,0.004658385093167702,0.9999431369663238,0.0,0.0,0.16666666666666666,0.0,0.0,13.0,3.0657828544373094
position,pawn_02,pawn_endgame,3000,14.0,1009683.0,374551.0,2.684543,0.6458264623649205,0.6451420891507532,3.2824282472815725,34.362808921215866,1.3339850287125878,0.23628999788724253,0.0003567769685518044,0.9957865879375791,0.6416416416416416,0.35835835835835833,0.9996412298640261,0.0,0.0,0.14285714285714285,0.0,0.0,0.0,3.0657828544373094
position,piece_01,piece_endgame,500,6.0,111045.0,226621.0,6.932925,0.74490521860507,0.6104462154982214,3.2737628889189065,48.459255256877846,1.5680953051065103,0.25416047167392974,0.0,0.9993141566143543,1.0,0.0,0.9999282235324276,0.0,0.0,0.0,0.0,0.0,7.0,17.346674804572878
position,piece_01,piece_endgame,1000,6.0,234270.0,238161.0,7.851503,0.8468007000469544,0.6643829769069877,3.4017799974388527,42.64619456183037,1.6521146392627017,0.15501246681404762,0.0,0.9994464704350091,1.0,0.0,0.9999641082699673,0.0,0.0,0.0,0.0,0.0,7.0,17.346674804572878
position,piece_01,piece_endgame,3000,7.0,881759.0,299917.0,7.068637,0.874086910368933,0.680087189356729,3.4346232927591327,40.60819566344092,1.6762493641585257,0.08569288430171494,0.00035688406288758557,0.9955502771179731,0.06405693950177936,0.9359430604982206,0.9996330036686091,0.0,0.0,0.0,0.0,0.0,8.0,17.346674804572878
position,piece_02,piece_endgame,500,6.0,120062.0,245022.0,7.023727,0.8535340074294948,0.7693025270277023,3.5224550648831436,40.24908797121487,1.5456211653563752,0.14475035586226778,0.0,0.9988174519200846,1.0,0.0,0.999936935800645,0.0,0.0,0.0,0.0,0.0,7.0,6.356736292774237
position,piece_02,piece_endgame,1000,7.0,226466.0,231087.0,5.821038,0.7727738380154195,0.7040791995266398,3.3965010200206653,42.931027174057036,1.5114711724427612,0.1890775541352666,0.0,0.9995207103577014,1.0,0.0,0.999965196292908,0.0,0.0,0.0,0.0,0.0,8.0,6.356736292774237
position,piece_02,piece_endgame,3000,8.0,780608.0,265512.0,5.451978,0.7315694945478396,0.6714163831269985,3.334359883577929,43.86323224973354,1.4943496246276011,0.17860669121090236,0.00011052255603628374,0.999196873159501,0.21904761904761905,0.780952380952381,0.9998773469195207,0.0,0.0,0.0,0.0,0.0,9.0,6.356736292774237
position,piece_03,piece_endgame,500,6.0,128512.0,262267.0,7.039328,0.8582389193227091,0.7934434138446215,3.508419447211155,40.87556025896414,1.661816554207679,0.1782962615570146,0.0010133324400375184,0.6975575387505871,0.9812082621525081,0.018791737847491847,0.9989280450221091,0.0,0.0,0.0,0.0,0.0,7.0,6.102943297033421
position,piece_03,piece_endgame,1000,7.0,248922.0,254000.0,5.900193,0.680088541792208,0.6459212122672966,3.2508737676862633,48.20506825431259,1.5275161861411821,0.2881968377300165,0.0008271194937026129,0.9020582693143934,0.9706970549060234,0.02930294509397662,0.9991436389080351,0.0,0.0,0.0,0.0,0.0,8.0,6.102943297033421
position,piece_03,piece_endgame,3000,8.0,849515.0,288833.0,5.509934,0.8061211397091281,0.7495135459644621,3.4341924509867394,42.89309311783782,1.5901807170944264,0.1480435149793873,0.0005667707205995508,0.940494903909538,0.9356625479335322,0.06433745206646783,0.9994219689339581,0.0,0.0,0.0,0.0,0.0,9.0,6.102943297033421
position,qless_01,queenless_middlegame,500,5.0,53768.0,109729.0,8.83293,0.8703875911322719,0.9617671737623582,2.8147597083767297,129.93248772504091,1.120290415551069,0.17052928280613844,0.00020133327367903003,0.7524596615505706,0.9952305246422893,0.0047694753577106515,0.9996255754025064,0.0425531914893617,1.0,0.0,7159.0,0.5169262265116619,6.0,4.001916848436777
position,qless_01,queenless_middlegame,1000,5.0,105986.0,108147.0,10.116952,0.818560942011209,0.9622402958881362,2.7199913196082504,121.19325193893533,1.1471114402667375,0.22533062054933875,0.00011444557477110885,0.893510158013544,0.9952305246422893,0.0047694753577106515,0.9996639032041228,0.0425531914893617,0.7857142857142857,0.0,8129.0,0.5013408609738885,6.0,4.001916848436777
position,qless_01,queenless_middlegame,3000,6.0,377077.0,128257.0,8.499728,0.843612843000236,0.9588439496442371,2.782235458540298,124.07654670001088,1.1641573948707014,0.12991677953558511,0.000157085608165659,0.948330064217965,0.9765990639625585,0.0234009360374415,0.9997207366965943,0.020833333333333332,0.5490196078431373,0.0,45184.0,0.4633541695183343,7.0,4.001916848436777
position,qless_02,queenless_middlegame,500,5.0,67306.0,138960.0,9.238698,0.9085668439663626,0.9756633881080439,3.3820907497102786,98.09811903842154,1.286020619343878,0.10820715594560709,0.0002893239463786286,0.6914735591206179,0.9913336543090997,0.008666345690900338,0.9997106760536214,0.043478260869565216,0.0,0.0,20618.0,0.4513831826896741,0.0,7.838416655903476
position,qless_02,queenless_middlegame,1000,5.0,147635.0,150647.0,10.810303,0.7627595082466895,0.9776204829478105,3.0162224404782063,108.58088302467928,1.2040627387299985,0.1892417770680393,0.00017829595578260296,0.8507701130591513,0.9936865220971727,0.00631347790282734,0.9996589120845898,0.03333333333333333,0.7142857142857143,0.0,31722.0,0.5597951344430218,6.0,7.838416655903476
position,qless_02,queenless_middlegame,3000,6.0,427502.0,145408.0,8.6794,0.7667309158787561,0.9615908229669101,2.9694036519127396,108.53432732478444,1.2050026221976973,0.16953867783444296,0.0011345100029584113,0.7246778195789643,0.9756948482381672,0.02430515176183277,0.998697213393732,0.034482758620689655,0.6179775280898876,0.0,274986.0,0.5282858648759443,7.0,7.838416655903476
position,qless_03,queenless_middlegame,500,6.0,64265.0,131151.0,6.328912,0.7602583054539797,0.9841282190928188,2.707259005679608,94.88094608262662,1.11922470052608,0.20815246161990472,0.0004658549497088407,0.9603646452635751,0.945,0.055,0.9990682901005823,0.0,0.5714285714285714,0.0,25551.0,0.39540006293446234,7.0,4.66231170842597
position,qless_03,queenless_middlegame,1000,6.0,151942.0,155042.0,7.304878,0.7733279804135789,0.9844809203511866,2.8238077687538667,102.42861091732371,1.0966130253795119,0.13246963095478548,0.00016819314689377838,0.9765780536362572,0.945,0.055,0.9995744005540006,0.0,0.5178571428571429,0.0,150334.0,0.3947005778110872,7.0,4.66231170842597
position,qless_03,queenless_middlegame,3000,7.0,460599.0,156666.0,6.442377,0.736425828106444,0.9850951621523582,2.8068232888043614,99.54461907212131,1.123418752252992,0.16519972034977148,0.00013825990775716342,0.9414941494149415,0.9856950067476383,0.014304993252361673,0.9991991360060104,0.0,0.7222222222222222,0.0,338941.0,0.37706139549269635,8.0,4.66231170842597
position,tac_01,tactical_middlegame,500,6.0,57732.0,117817.0,6.216836,0.7399189357721887,0.8989988221436984,2.386464012670951,119.63936811473707,1.2460478923929938,0.12321775494747934,0.002996476670288781,0.7696827262044653,0.9111328125,0.0888671875,0.9962791003984326,0.019230769230769232,0.3111111111111111,0.16666666666666666,61574.0,0.45239482055647656,7.0,2.6998091271906994
position,tac_01,tactical_middlegame,1000,6.0,112874.0,115177.0,6.951827,0.7703663203936577,0.8603221290997041,2.3914686867573294,121.02710987472757,1.3115333340719157,0.20017344549475327,0.0015783540022547915,0.9112728533056061,0.9111328125,0.0888671875,0.9979706877113868,0.019230769230769232,0.25,0.16666666666666666,224665.0,0.50348866534032,7.0,2.6998091271906994
position,tac_01,tactical_middlegame,3000,7.0,388724.0,132218.0,6.288111,0.7461489385785287,0.8773139811279983,2.3732226058606836,118.92165475105571,1.2914238609572928,0.16163665694732518,0.000711415717277382,0.9379784892911385,0.9290354822588706,0.07096451774112944,0.9980360918227272,0.023391812865497075,0.6648351648351648,0.14285714285714285,652389.0,0.4648787873800629,8.0,2.6998091271906994
position,tac_02,tactical_middlegame,500,4.0,44506.0,90826.0,14.524615,0.949368436747822,0.9021704938659956,2.128432121511706,118.85723273266525,1.182049743788813,0.16558656262399155,0.0,0.8977635782747604,1.0,0.0,0.9992064541727285,0.0,0.0,0.0,3033.0,0.39871039202500097,5.0,2.9609022874054824
position,tac_02,tactical_middlegame,1000,5.0,112974.0,115279.0,10.264241,0.927195637934392,0.9005788942588561,2.227556782976614,129.3147803919486,1.1634428064853395,0.20096807793640095,0.0038600575945101404,0.7533536585365853,0.9221260815822002,0.07787391841779975,0.9959254947613504,0.0,0.0,0.0,49648.0,0.34676711857968473,6.0,2.9609022874054824
position,tac_02,tactical_middlegame,3000,6.0,331278.0,112570.0,8.318253,0.8929630099191616,0.9039029446861854,2.17193414594389,127.2489329203871,1.167835258560831,0.3207910863509749,0.002805344569496036,0.8430759612378869,0.9440017706949978,0.055998229305002215,0.9970615956090259,0.0,0.09259259259259259,0.0,121307.0,0.3328470879982495,7.0,2.9609022874054824
position,tac_03,tactical_middlegame,500,6.0,35430.0,72300.0,6.087557,0.8969799604854642,0.9155615461541806,2.1778044131805947,106.80541528304482,1.1732408913443162,0.2742184059885513,0.008586525759577279,0.9464604402141582,0.47651006711409394,0.5234899328859061,0.9907529722589168,0.0,0.0,0.0,14966.0,0.2876756932761708,7.0,2.809158765382288
position,tac_03,tactical_middlegame,1000,6.0,82471.0,84153.0,6.086519,0.8684992300323751,0.9198608558676818,2.19281929405488,107.33188636005384,1.1522177551874182,0.23466496670916562,0.003161734900689096,0.971218852617346,0.47651006711409394,0.5234899328859061,0.9965139845966762,0.0,0.125,0.0,36843.0,0.28226185738576753,7.0,2.809158765382288
position,tac_03,tactical_middlegame,3000,8.0,372897.0,126835.0,4.971055,0.7978664349672966,0.9034559140996039,2.262911742384626,118.3362858912783,1.1682474503695561,0.2033692870872562,0.0012855201459371442,0.8977917403769902,0.9382716049382716,0.06172839506172839,0.9971840987279472,0.0,0.6195372750642674,0.0,314508.0,0.29037130041579096,9.0,2.809158765382288
position,tac_04,tactical_middlegame,500,4.0,61938.0,126402.0,15.775724,0.9325615938519164,0.7704478672220608,2.1681375232672724,110.49588297975394,1.5253853121737895,0.42301746792394496,0.021564383985159995,0.3250502466654486,0.9244721169463995,0.07552788305360043,0.9778172824238677,0.0,0.0,0.5,8173.0,0.4648051666123955,5.0,0.7934644520773538
position,tac_04,tactical_middlegame,1000,5.0,132959.0,135671.0,10.586284,0.9382516414834648,0.7615547981696237,2.1921945863010404,110.77860092208877,1.5770321218519077,0.27733236151603496,0.009475218658892129,0.4317285867877195,0.9398780744166492,0.06012192558335085,0.9902266101245694,0.01639344262295082,0.0,0.4,32957.0,0.4329101494002946,6.0,0.7934644520773538
position,tac_04,tactical_middlegame,3000,7.0,400577.0,136250.0,6.315151,0.9021951727791545,0.7759956263090492,2.2276341377562865,113.94321690960788,1.5188928659438352,0.23443131411144996,0.0026857499306903246,0.5380834472818655,0.9751980158412673,0.0248019841587327,0.9969330468533407,0.0055248618784530384,0.22297297297297297,0.2857142857142857,135539.0,0.4199315218183143,8.0,0.7934644520773538
position,tac_05,tactical_middlegame,500,5.0,69090.0,140998.0,9.287162,0.9467940367636416,0.7666495186301169,2.4890143291359097,126.97089783281734,1.4967350327991364,0.03371693922875025,0.0036005114745272225,0.7365269461077845,0.5946969696969697,0.4053030303030303,0.9954909482468538,0.0,0.0,4.0,910.0,0.5550484883057616,6.0,0.0
position,tac_05,tactical_middlegame,1000,5.0,131329.0,134008.0,10.5602,0.9472850627051146,0.7702487645531452,2.4664620913888022,129.01621119478563,1.474900717141854,0.1320048917344076,0.001924321991223653,0.1005449591280654,0.9837927900636171,0.016207209936382916,0.9976080857492267,0.0,0.0,4.0,910.0,0.5549231644849175,6.0,0.0
position,tac_05,tactical_middlegame,3000,7.0,416815.0,141773.0,6.351101,0.9310341518419443,0.7598794269920421,2.4760841140553964,128.28823338891354,1.4533219109532534,0.30224723915209034,0.001017577309097141,0.2891999645609994,0.9952634990277709,0.004736500972229147,0.9988378195996102,0.0,0.0,2.857142857142857,910.0,0.5547984099943214,8.0,0.0
class,closed_middlegame,closed_middlegame,500,5.0,63136.0,128846.5,9.471945,0.8638159264298644,0.9714538478151182,2.6972731074868377,122.44333292277366,1.0762190486165288,0.22812080127645418,0.0025145415858814123,0.6704426868746322,0.9753063462413505,0.024693653758649566,0.9973512065035816,0.05833726972130373,0.3333333333333333,0.0,14891.0,0.4061675790964236,6.0,4.374671061235816
class,closed_middlegame,closed_middlegame,1000,5.0,117035.5,119527.5,10.1968375,0.8368175657596099,0.9617343906868736,2.6096038619547963,119.3818051787043,1.093801095162247,0.2199320406221662,0.0017604075627727545,0.708380905892387,0.9731939244976117,0.0268060755023883,0.9980292964810441,0.05245952677459527,0.2403846153846154,0.0,22947.0,0.45679167144069144,6.0,4.374671061235816
class,closed_middlegame,closed_middlegame,3000,6.0,381307.5,129695.5,8.515547000000002,0.8358441888776722,0.9601017192999683,2.587425398552927,122.55626261022628,1.0868086975637403,0.17489923856541006,0.0006870876692734141,0.8422754947138105,0.9754920713255497,0.02450792867445034,0.9992370678626588,0.036896019746991665,0.30833333333333335,0.0,162434.5,0.45916550801170314,7.0,4.374671061235816
class,normal_middlegame,normal_middlegame,500,5.0,72407.0,147766.5,9.269091,0.8423747816372229,0.9048198036691559,2.4253928266681415,122.21488644180101,1.1517804177072488,0.21013452591062673,0.001183740387956767,0.7935650074679644,0.9474144955339645,0.05258550446603544,0.9982230207432508,0.0,0.6417112299465241,0.0,39800.0,0.45620846319211106,6.0,5.096052391406706
class,normal_middlegame,normal_middlegame,1000,5.0,124629.0,128088.5,10.003972000000001,0.8354674212443722,0.8922758031173914,2.3835244210900273,122.3667112964043,1.190743575467907,0.25202657390054606,0.0009397996726994453,0.8664985001809093,0.9482253857253857,0.05177461427461427,0.9986312668966102,0.0,0.721111111111111,0.0,66452.0,0.4495354808493467,6.0,5.096052391406706
class,normal_middlegame,normal_middlegame,3000,6.0,356485.5,121377.0,8.3188615,0.8139180894925724,0.8976747600187629,2.434400265502619,124.7157518003444,1.1604898712526182,0.16819824224844906,0.0004206793922398429,0.8972115890825889,0.9730933522376066,0.026906647762393404,0.9993322119898737,0.008214624881291547,0.5145299145299145,0.0,395769.0,0.4198016493154816,7.0,5.096052391406706
class,opening,opening,500,5.0,75918.0,154932.0,9.412559,0.8110197845043337,0.9316685239590721,2.7501150483202945,115.1095128954925,1.1924166714388569,0.21865596790371114,0.0034567989683335723,0.8566246186824965,0.9157336476134355,0.08426635238656452,0.9963300227079845,0.07407407407407407,0.1,0.5,7224.0,0.4517092678696186,6.0,5.662366396623324
class,opening,opening,1000,5.0,117948.0,120354.0,10.295084,0.8132687352507068,0.9293173954073608,2.7145486001887384,112.25287029764193,1.2066344588816929,0.21928597336649566,0.0022783222985060933,0.9025272831705916,0.9157336476134355,0.08426635238656452,0.997415862627869,0.07407407407407407,0.45454545454545453,0.5,8669.0,0.4321532621170654,6.0,5.662366396623324
class,opening,opening,3000,6.0,374141.0,131439.0,8.476739,0.8409599577295589,0.9459367712992774,2.7833606208497517,119.50818541672791,1.1674638107264879,0.14370196614061395,0.0009583829465919321,0.8710098144706381,0.9264408493427705,0.07355915065722952,0.9990009583829466,0.06779661016949153,0.38271604938271603,0.42857142857142855,172729.0,0.3965238218539617,7.0,5.662366396623324
class,pawn_endgame,pawn_endgame,500,9.5,131048.5,267442.5,3.6108715,0.6829173429671438,0.6780940077291664,3.3240350793946765,36.295102292005446,1.3837490099212348,0.29186141989486164,0.0003087663779090743,0.9750987676092935,0.9654234996767178,0.034576500323282196,0.9996020391039879,0.0,0.0,0.08333333333333333,0.0,0.0,9.0,3.2498383301249376
class,pawn_endgame,pawn_endgame,1000,10.5,304733.0,310701.0,3.467946,0.6198709504220007,0.6149148073606783,3.1995457208422917,36.24505207852649,1.3547006813281983,0.30893426071611485,0.0003332685294487666,0.9894720719629505,0.9090909090909091,0.09090909090909091,0.9996330679827281,0.0,0.0,0.07692307692307693,0.0,0.0,10.0,3.2498383301249376
class,pawn_endgame,pawn_endgame,3000,12.0,959070.5,341257.0,3.3193010000000003,0.6646318516528267,0.660228183539026,3.2943625809251067,36.30236107059981,1.3754946617571346,0.20469432768702567,0.0003180066199122922,0.9933223722843852,0.7242941649242134,0.2757058350757866,0.9996745708570796,0.0,0.0,0.07142857142857142,0.0,0.0,11.0,3.2498383301249376
class,piece_endgame,piece_endgame,500,6.0,120062.0,245022.0,6.989998,0.8535340074294948,0.7693025270277023,3.508419447211155,40.87556025896414,1.5680953051065103,0.1782962615570146,0.0,0.9988174519200846,1.0,0.0,0.9999282235324276,0.0,0.0,0.0,0.0,0.0,7.0,6.356736292774237
class,piece_endgame,piece_endgame,1000,7.0,241119.0,246039.0,5.900193,0.7727738380154195,0.6643829769069877,3.3965010200206653,42.931027174057036,1.5275161861411821,0.1890775541352666,0.0,0.9994464704350091,1.0,0.0,0.9999618429838787,0.0,0.0,0.0,0.0,0.0,8.0,6.356736292774237
class,piece_endgame,piece_endgame,3000,8.0,842903.0,288833.0,5.509934,0.8061211397091281,0.680087189356729,3.4336727011725228,42.89309311783782,1.5901807170944264,0.1480435149793873,0.00035688406288758557,0.9955502771179731,0.21904761904761905,0.780952380952381,0.9996330036686091,0.0,0.0,0.0,0.0,0.0,9.0,6.356736292774237
class,queenless_middlegame,queenless_middlegame,500,5.0,61681.0,125879.0,8.83293,0.8703875911322719,0.9756633881080439,2.8147597083767297,98.09811903842154,1.1209872541943313,0.17052928280613844,0.0002893239463786286,0.7524596615505706,0.9913336543090997,0.008666345690900338,0.9995975283505765,0.0425531914893617,0.5714285714285714,0.0,19464.0,0.4513831826896741,6.0,4.66231170842597
class,queenless_middlegame,queenless_middlegame,1000,5.0,145166.0,148127.0,9.974733,0.7751401843406859,0.9776204829478105,2.8238077687538667,108.58088302467928,1.1471114402667375,0.1892417770680393,0.00016819314689377838,0.893510158013544,0.9936865220971727,0.00631347790282734,0.9996549344375432,0.03333333333333333,0.5192307692307693,0.0,31722.0,0.5013408609738885,6.0,4.66231170842597
class,queenless_middlegame,queenless_middlegame,3000,6.0,427502.0,145408.0,8.499728,0.7667309158787561,0.9615908229669101,2.8068232888043614,108.53432732478444,1.1641573948707014,0.16519972034977148,0.000157085608165659,0.9414941494149415,0.9765990639625585,0.0234009360374415,0.9991991360060104,0.020833333333333332,0.6179775280898876,0.0,274986.0,0.4633541695183343,7.0,4.66231170842597
class,tactical_middlegame,tactical_middlegame,500,5.0,50893.0,105026.0,9.287162,0.9325615938519164,0.8989988221436984,2.1778044131805947,117.38984533418154,1.2460478923929938,0.16558656262399155,0.0036005114745272225,0.7696827262044653,0.9111328125,0.0888671875,0.9954909482468538,0.0,0.0,0.16666666666666666,8173.0,0.45239482055647656,6.0,2.6998091271906994
class,tactical_middlegame,tactical_middlegame,1000,5.0,113929.0,116253.0,10.264241,0.927195637934392,0.8603221290997041,2.227556782976614,121.02710987472757,1.3115333340719157,0.20313737435272616,0.0021537880219157377,0.7533536585365853,0.9221260815822002,0.07787391841779975,0.9975351199080766,0.0,0.0,0.16666666666666666,36843.0,0.4329101494002946,6.0,2.6998091271906994
class,tactical_middlegame,tactical_middlegame,3000,7.0,388724.0,132218.0,6.315151,0.8929630099191616,0.8773139811279983,2.262911742384626,118.92165475105571,1.2914238609572928,0.23443131411144996,0.0012855201459371442,0.8430759612378869,0.9440017706949978,0.055998229305002215,0.9971903029429776,0.0,0.22297297297297297,0.14285714285714285,135539.0,0.4199315218183143,8.0,2.6998091271906994
overall,overall,all,500,5.0,72604.5,148168.5,9.2063995,0.8514140046096454,0.9088809593618421,2.5348928793743655,116.73205859115356,1.19302384777169,0.2138734723629857,0.0018964335754555037,0.7954068684803856,0.9453061523345238,0.05469384766547626,0.9976535467015367,0.0,0.14285714285714285,0.0,15534.5,0.4304828348104539,6.0,4.637337796056067
overall,overall,all,1000,5.0,123619.5,126769.5,10.003972000000001,0.8258294007792547,0.9003811709223166,2.5046968970266184,113.11455834507609,1.2025943035525188,0.22564984982205902,0.0015000705962514176,0.8981277649580929,0.9453061523345238,0.05469384766547626,0.9981251389960735,0.008457036825578076,0.41885964912280704,0.0,26951.5,0.4325498583409668,6.0,4.637337796056067
overall,overall,all,3000,6.0,382858.0,130779.5,8.297318,0.8327501596996373,0.9038813890042909,2.53603709523644,119.83912591455615,1.1678722153706318,0.16929973520023306,0.0006579129155095606,0.8995217010433494,0.9610249624990466,0.038975037500953415,0.999203758065345,0.01137820512820513,0.4031432748538012,0.0,170597.5,0.4110723895402345,7.0,4.637337796056067
