level,key,class,budget_ms,completed_depth,nodes,nps,ebf_approx,qsearch_ratio,eval_per_node,movegen_per_node,make_unmake_per_node,pseudo_to_legal_ratio,tt_hit_rate,tt_cutoff_rate,tt_store_per_probe,lmr_research_rate,null_research_rate,aspiration_retry_per_iter,futility_pruned,qsearch_see_prune_rate,aborted_iteration_depth
position,closed_01,closed_middlegame,100,4.0,20036.0,204438.0,11.897419,0.8757310672331917,0.9806348572569376,2.893042523457776,121.89638650429228,1.041238197114495,0.12777983202155196,0.009508214040462733,0.99006919866885,0.0,0.0,0.75,3348.0,0.37868162692847124,5.0
position,closed_01,closed_middlegame,500,5.0,88188.0,179974.0,9.751735,0.8002222524606523,0.9598244659137297,2.7650927563840884,111.94340248014173,1.1510784402475625,0.23370955605718585,0.002691588785046729,0.9970691588785047,0.0821917808219178,0.4444444444444444,0.6,6930.0,0.4031224888072552,6.0
position,closed_01,closed_middlegame,1000,6.0,172853.0,176380.0,7.463562,0.8105384343922293,0.9640677338547783,2.7659167037887684,114.43594267961794,1.1364149271006563,0.20047354768655365,0.0016589250165892503,0.9981525607769801,0.045714285714285714,0.46875,0.5,24053.0,0.4076370875309163,7.0
position,closed_01,closed_middlegame,3000,6.0,535647.0,182192.0,9.011833,0.8618362466325771,0.9711257043024948,2.866110902012774,125.00927289800933,1.090331551468149,0.11224018964568429,0.0004656478855352834,0.999472971256826,0.045714285714285714,0.24050632911392406,0.5,263111.0,0.41367768437868474,7.0
position,closed_02,closed_middlegame,100,4.0,17241.0,175923.0,11.458839,0.8673226822931063,0.9697813351893741,2.6512797832937145,126.52305550722116,1.0701872560864982,0.2266955962712954,0.0019286403085824494,0.997589199614272,0.0,0.0,0.0,1395.0,0.47966223869838326,5.0
position,closed_02,closed_middlegame,500,5.0,86521.0,176571.0,9.714586,0.8665063972908311,0.9661007154332474,2.6482819199963017,125.4590677407797,1.077437253251913,0.20631670589752685,0.0022571179827814143,0.9976321257711699,0.0,0.0,0.0,17764.0,0.4571939465305944,6.0
position,closed_02,closed_middlegame,1000,5.0,159263.0,162512.0,10.975466,0.840791646521791,0.9540243821117018,2.5261360140145546,120.91725008319573,1.0950600284594663,0.23103868858857393,0.0014071766006633832,0.9984925339689136,0.0,0.1875,0.0,25844.0,0.4665841246142221,6.0
position,closed_02,closed_middlegame,3000,6.0,506815.0,172385.0,8.929111,0.8445727924180719,0.9629766946084196,2.6085100085830137,126.09839093160227,1.074709995343859,0.1715354332888537,0.0005093933236253301,0.9994407747208026,0.012468827930174564,0.2037037037037037,0.0,305631.0,0.46392367969784454,7.0
position,closed_03,closed_middlegame,100,4.0,16682.0,173405.0,11.364806,0.8793310154657715,0.9724853135115693,2.7384606162330654,139.5385445390241,1.0651834918488037,0.4194607805697701,0.005499121668066906,0.9945008783319331,0.0,0.0,0.0,1865.0,0.4582916010874231,0.0
position,closed_03,closed_middlegame,500,5.0,81386.0,166088.0,9.596435,0.8849802177278647,0.9672670975352026,2.695758484260192,130.82404836212618,1.0919152112255561,0.22697716356574363,0.002306185084357823,0.9975724367533075,0.09836065573770492,0.0,0.0,18275.0,0.4262093435836783,6.0
position,closed_03,closed_middlegame,1000,5.0,154159.0,157303.0,10.904199,0.8324976160976654,0.9533601415473701,2.5978243242366648,125.86408837628682,1.1306802319858607,0.26100177806514185,0.0013373554550025139,0.998562091503268,0.09836065573770492,0.16666666666666666,0.0,23084.0,0.5083108777583317,6.0
position,closed_03,closed_middlegame,3000,6.0,495935.0,168685.0,8.896874,0.8584007984917378,0.9656991339590874,2.717715023138113,135.18190085394255,1.1016597069169098,0.13720781041100616,0.00045553542933540346,0.9994986414801398,0.05454545454545454,0.18518518518518517,0.0,197357.0,0.492120668254554,7.0
position,closed_04,closed_middlegame,100,4.0,18665.0,190449.0,11.688452,0.8976694347709617,0.9711058128973661,2.4011133284318875,106.56051316984559,1.0639637986261232,0.3339642730391577,0.002366023896841358,0.9971607713237903,0.08333333333333333,0.0,0.0,1830.0,0.41001506024096385,5.0
position,closed_04,closed_middlegame,500,5.0,94685.0,193233.0,9.891365,0.8329936103923536,0.958557321645456,2.4677503987910336,113.43437979212813,1.0878542120573986,0.20491649465190467,0.0007881403640457872,0.9987802589604053,0.034482758620689655,0.8095238095238095,0.0,47919.0,0.4438241700689179,6.0
position,closed_04,closed_middlegame,1000,6.0,169321.0,172775.0,7.437925,0.843108094442098,0.9516546403098101,2.4623542492231376,114.6593629850993,1.0983109578940926,0.24454006833023398,0.0015028326774207499,0.9981620032002768,0.041935483870967745,0.7352941176470589,0.0,73609.0,0.4534321727385045,7.0
position,closed_04,closed_middlegame,3000,6.0,524970.0,178560.0,8.981642,0.8551688667923881,0.968759217382755,2.5019201097205555,117.77805207916643,1.0681423475044258,0.09871292051041264,0.0009910609551228103,0.9988757144574673,0.03167420814479638,0.40229885057471265,0.0,211162.0,0.47865500492066543,7.0
position,mid_01,normal_middlegame,100,4.0,17090.0,174377.0,11.433666,0.8741369221767116,0.909713282621416,2.572264482153306,120.10239906377998,1.1467269944920475,0.21922087467842705,0.0,0.9995288352808142,0.0,0.0,0.0,6755.0,0.5306960440660992,5.0
position,mid_01,normal_middlegame,500,5.0,84430.0,172304.0,9.66717,0.8617197678550278,0.9047376524931896,2.496446760630108,116.21423664574203,1.1581079518495039,0.19470011125720643,0.000687771821583898,0.9990290280165874,0.0,0.7,0.0,25425.0,0.5123534297911797,6.0
position,mid_01,normal_middlegame,1000,5.0,189352.0,193214.0,11.361979,0.8451349866914529,0.887220485958271,2.404674971547458,110.63343402763108,1.204638775320752,0.24976788374754388,0.00036706756202362187,0.9993279146451599,0.0,0.7586206896551724,0.0,32039.0,0.5133585558614913,6.0
position,mid_01,normal_middlegame,3000,6.0,531607.0,180818.0,9.000468,0.8617964022294665,0.9190416980965261,2.581958100626967,123.63060682045194,1.1359609231282204,0.14166233243293122,0.00018455446873479522,0.9997063906179219,0.006172839506172839,0.4507042253521127,0.0,403756.0,0.49375443297344157,7.0
position,mid_02,normal_middlegame,100,4.0,16176.0,165054.0,11.277629,0.8749381800197824,0.8582202111613876,2.449740356083086,124.36214144411474,1.2461001318615703,0.22344761448093983,0.006643700787401575,0.9927411417322834,0.0,0.0,0.0,826.0,0.5232723688533567,5.0
position,mid_02,normal_middlegame,500,5.0,84002.0,171431.0,9.657349,0.8613218973230837,0.8691935906287945,2.436394371562582,124.2845984625652,1.2352733372371163,0.23563770972549397,0.0019483230505172335,0.997889316695273,0.10112359550561797,0.2,0.0,39816.0,0.44281314903673996,6.0
position,mid_02,normal_middlegame,1000,6.0,175806.0,180942.0,7.484664,0.844442169209242,0.8682581936907727,2.3472065799802055,117.18709259069657,1.2582264654369724,0.2701003379528962,0.0011003117549972493,0.9986115113567892,0.10112359550561797,0.6111111111111112,0.0,61400.0,0.3889165510154355,0.0
position,mid_02,normal_middlegame,3000,6.0,497928.0,169362.0,8.902823,0.8359562025031732,0.8744236114458315,2.4935934512620297,128.6506723863691,1.2255360227848473,0.16420043489558403,0.00036583197713379196,0.9995175064191891,0.04710144927536232,0.3020833333333333,0.0,583004.0,0.41871463603647596,7.0
position,mid_03,normal_middlegame,100,4.0,17383.0,177364.0,11.482361,0.871368578496232,0.9222228614163263,2.5398377725363863,118.76120347465915,1.1370887136944838,0.21636930048145,0.0,0.9995279901821957,0.0,0.0,0.0,6748.0,0.45832147937411094,5.0
position,mid_03,normal_middlegame,500,5.0,97245.0,198456.0,9.944283,0.8485865219874358,0.8931153272661834,2.4029738108835765,110.85928449049523,1.1931797785894303,0.24887322789477997,0.0006965500286814718,0.9989414111803265,0.0,0.7857142857142857,0.0,33240.0,0.45297638379807914,6.0
position,mid_03,normal_middlegame,1000,6.0,180041.0,183714.0,7.514416,0.8401030876300398,0.8937512798129048,2.3764198154864724,109.69175909931627,1.1973347380740094,0.25613989667792464,0.0006717828433493499,0.9989638603602577,0.006369426751592357,0.7142857142857143,0.0,57607.0,0.45679733295880426,7.0
position,mid_03,normal_middlegame,3000,6.0,530036.0,180283.0,8.991898,0.8394656212030881,0.918137635934163,2.582018957202907,121.50444875442423,1.1451635952586003,0.1419136514480957,0.0001608843732190236,0.9997237440611811,0.010256410256410256,0.3557692307692308,0.0,613868.0,0.4606230390977239,7.0
position,mid_04,normal_middlegame,100,4.0,18526.0,189033.0,11.66663,0.8650005397819281,0.9126093058404404,2.394256720285005,116.75947317283817,1.1322147686428914,0.25595112702759637,0.001790604592374131,0.9975774173161998,0.0,0.0,0.0,7520.0,0.4718520736637221,5.0
position,mid_04,normal_middlegame,500,5.0,97094.0,198149.0,9.941192,0.8320390549364534,0.8935773580241827,2.3089583290419595,113.91278554802562,1.1870810767175493,0.2882630873745328,0.0003996144895512564,0.9989229688597518,0.011494252873563218,0.9166666666666666,0.0,82629.0,0.43462887531115635,6.0
position,mid_04,normal_middlegame,1000,6.0,178329.0,181966.0,7.50246,0.8193395353531955,0.9107092506235767,2.3824335918442876,117.82339383947647,1.1541781051926452,0.22817728080885977,0.0004605530921320395,0.9991217359638412,0.03482587064676617,0.6538461538461539,0.0,206715.0,0.46193039800038455,7.0
position,mid_04,normal_middlegame,3000,7.0,507605.0,172652.0,6.532435,0.8059840607805127,0.9196954324720994,2.484792308980408,125.01098294934053,1.1388659584054992,0.15728150609215738,0.0008398382624204444,0.9988610513044617,0.056291390728476824,0.5732484076433121,0.0,937517.0,0.4686386731297086,8.0
position,mid_05,normal_middlegame,100,5.0,15497.0,158122.0,6.887308,0.7440794992579209,0.9172743111569981,2.294335129715503,112.8859506203785,1.1336728657046582,0.21535677352637023,0.00814374353671148,0.9900465356773527,0.0,0.5625,0.0,19329.0,0.16455906821963395,6.0
position,mid_05,normal_middlegame,500,7.0,78131.0,159448.0,5.000055,0.6660219961577638,0.8968655207280081,2.422828326784503,126.75124743743473,1.1314170314757725,0.29639037679238683,0.0016934489296298342,0.9970364643731477,0.0,0.4696969696969697,0.0,163786.0,0.1584152408688266,8.0
position,mid_05,normal_middlegame,1000,7.0,165776.0,169153.0,5.567317,0.6596250361934176,0.8895135604671364,2.352523887655632,122.92451259530934,1.162058110459525,0.20834967063989962,0.000960633626097867,0.9957163582183187,0.0,0.7614678899082569,0.0,241030.0,0.12346835807986162,8.0
position,mid_05,normal_middlegame,3000,7.0,455197.0,154828.0,6.431529,0.6660610680650356,0.9033605230262941,2.393350571291111,125.52357770371948,1.154849919508283,0.10907345833476159,0.00035306619134130876,0.996034004044836,0.0,0.8531810766721044,0.0,546810.0,0.14167759212251388,8.0
position,mid_06,normal_middlegame,100,4.0,16333.0,166658.0,11.304894,0.9023508137432188,0.8472573839662447,2.4151898734177215,124.24796424416824,1.2811197547264233,0.20342312008978675,0.0,0.9991686296244977,0.0,0.0,0.0,1078.0,0.4413472706155633,5.0
position,mid_06,normal_middlegame,500,5.0,81004.0,165312.0,9.58741,0.8873018616364624,0.8373043306503383,2.4094612611722876,128.49804947903806,1.3018484217998398,0.24297269159926324,2.6733679088916217e-05,0.9997059295300219,0.019417475728155338,0.5,0.0,39490.0,0.4530807030807031,6.0
position,mid_06,normal_middlegame,1000,5.0,161048.0,164333.0,10.999959,0.884183597436789,0.8243963904338861,2.348169489841538,123.59844270031294,1.3466365015898063,0.24747387714818353,1.5665878150799744e-05,0.9996406324868232,0.019417475728155338,0.6818181818181818,0.0,49976.0,0.47440802090682355,6.0
position,mid_06,normal_middlegame,3000,6.0,476033.0,161915.0,8.836349,0.8890223997075833,0.8639043931828255,2.5187098373432093,132.8233546833938,1.2415260498804628,0.13465139029850473,7.327966818966244e-06,0.9998754245640775,0.0125,0.423728813559322,0.0,258981.0,0.4796468029494172,7.0
position,mid_07,normal_middlegame,100,5.0,16730.0,170698.0,6.993574,0.7960549910340705,0.88750747160789,2.308786610878661,135.77310221159593,1.1193699684011624,0.45116952013503736,0.021823004581625272,0.9773330118157705,0.0,0.0,0.4,14443.0,0.4757265244414581,6.0
position,mid_07,normal_middlegame,500,6.0,82418.0,168198.0,6.596856,0.7635540889735408,0.935241237913841,2.314986230574191,121.6870033604678,1.137009456591156,0.13330816660374983,0.004555178054611803,0.9940606518182962,0.0,0.9375,0.3333333333333333,93488.0,0.3942005832853454,7.0
position,mid_07,normal_middlegame,1000,6.0,158121.0,161346.0,7.35357,0.7362652652082898,0.932975379614346,2.4555751607945813,135.39650014862036,1.108131427670994,0.24449010263580934,0.0017312064225855853,0.9974222146125237,0.0,0.7008547008547008,0.3333333333333333,380418.0,0.4050054576641198,7.0
position,mid_07,normal_middlegame,3000,7.0,488607.0,166192.0,6.496935,0.7330779579554907,0.9489201318640691,2.3517550915152667,122.1648072991177,1.107018885918345,0.16925557129070545,0.0008164931618697694,0.9977152011102868,0.0,0.8657718120805369,0.2857142857142857,794235.0,0.34546244745341054,8.0
position,mid_08,normal_middlegame,100,6.0,16524.0,175374.0,5.046836,0.79920116194626,0.7860082304526749,2.305918663761801,126.15286855482934,1.3186166344563766,0.6085954446854663,0.04148590021691974,0.9529555314533622,0.0,0.9722222222222222,1.0,10007.0,0.4909367198523825,0.0
position,mid_08,normal_middlegame,500,7.0,76273.0,155656.0,4.982893,0.7482333197855073,0.8343319392183342,2.376974814154419,130.19944147994704,1.233118007131965,0.2185848839880542,0.009826483177613109,0.9874580015648732,0.0,0.7172413793103448,0.8571428571428571,98658.0,0.4607279413910861,8.0
position,mid_08,normal_middlegame,1000,7.0,150123.0,153185.0,5.48899,0.7117696821939343,0.8650906256869367,2.319478028017026,127.732992279664,1.193554093738348,0.19092929245171508,0.005189002624051441,0.9899411361433536,0.0,0.8714596949891068,0.8571428571428571,179408.0,0.4100123049025322,8.0
position,mid_08,normal_middlegame,3000,8.0,409359.0,139237.0,5.029364,0.7244838882252497,0.8885577530931094,2.2744419284166932,123.04743269355261,1.1720865370377385,0.15913522801868943,0.002292683161783476,0.9922597860483486,0.0024330900243309003,0.8977455716586151,0.75,415999.0,0.38470832839386837,9.0
position,opening_01,opening,100,4.0,14356.0,146479.0,10.874464,0.8599113272311213,0.9808352402745996,3.2725972540045767,98.69462245750906,1.2121554392040925,0.1275648046732384,0.009596928982725527,0.9898343641145945,0.23529411764705882,0.0,0.75,406.0,0.3116883116883117,5.0
position,opening_01,opening,500,6.0,100803.0,205717.0,6.822008,0.7940438280606728,0.9750801067428548,2.9866174617818912,106.26009146553179,1.185636628723218,0.20211793735292102,0.001633576275446092,0.9981151042975622,0.07407407407407407,0.4444444444444444,0.5,5379.0,0.3385102687238173,7.0
position,opening_01,opening,1000,6.0,206712.0,210929.0,7.689432,0.8541981113820194,0.984514687100894,3.1045032889188735,113.23411316227408,1.1710731308457811,0.12793805928849628,0.000746588144389103,0.9991228894527456,0.07407407407407407,0.3181818181818182,0.5,21764.0,0.3314293485652115,7.0
position,opening_01,opening,3000,7.0,581817.0,197896.0,6.661023,0.8089588306976249,0.9704116586486816,2.9306465778758612,110.55260674748246,1.1742611281396222,0.13401408537360696,0.0005475822296235834,0.999249744790236,0.06991525423728813,0.5333333333333333,0.42857142857142855,89342.0,0.34431531944126403,8.0
position,opening_02,opening,100,4.0,19381.0,197753.0,11.798969,0.861307466075022,0.9470615551313142,2.8891698054795936,118.83390949899386,1.1112757652638565,0.13414354505847284,0.011293281357486815,0.9882481082320569,0.19230769230769232,0.0,0.75,2453.0,0.3877551020408163,5.0
position,opening_02,opening,500,5.0,94902.0,193675.0,9.895895,0.7880389488453545,0.9326568460095678,2.7400792396366778,113.30688499715497,1.190287659182211,0.2544416957157315,0.002867423816484876,0.996904765254583,0.125,0.3684210526315789,0.6,7878.0,0.4297933513027853,6.0
position,opening_02,opening,1000,6.0,177447.0,181067.0,7.496262,0.7903937513736496,0.9279882806997775,2.71359833225343,114.5536129813787,1.2033290461562678,0.22342316829502368,0.0016755557653277953,0.9981360011325563,0.06666666666666667,0.5,0.5,20025.0,0.39246399131941406,7.0
position,opening_02,opening,3000,7.0,537630.0,184943.0,6.586285,0.8323140449751688,0.9568978665625059,2.8105797667540875,122.78978479623532,1.1105022483742841,0.13636869904942234,0.0004605096878386888,0.9994838007685157,0.06779661016949153,0.26744186046511625,0.42857142857142855,450823.0,0.37403208500846724,0.0
position,opening_03,opening,100,4.0,19180.0,195704.0,11.768257,0.8661105318039625,0.9563086548488008,3.040771637122002,116.68362877997914,1.176115693889314,0.10015461260951726,0.010937410525110233,0.9886044780392831,0.05263157894736842,0.0,0.75,1663.0,0.3913305237808549,5.0
position,opening_03,opening,500,5.0,92453.0,188678.0,9.844286,0.7672655295122928,0.9321626435588386,2.8283850381912954,113.57127402664102,1.2332146797620451,0.26044454460940364,0.0027326252922782205,0.9971828605234245,0.3958333333333333,0.058823529411764705,0.6,7011.0,0.5015650741350907,6.0
position,opening_03,opening,1000,6.0,184401.0,188162.0,7.544444,0.7832387026100727,0.9377172574986036,2.8211506445192813,115.61842940114208,1.216181251738583,0.20878220388671861,0.0023523760410853424,0.9975557894588122,0.10416666666666667,0.06060606060606061,0.6666666666666666,17998.0,0.4283127141018088,7.0
position,opening_03,opening,3000,6.0,542191.0,184418.0,9.030089,0.8598206167199381,0.9635700334384009,2.963627208861822,125.77767244384358,1.1552317897755815,0.11229403152826221,0.0006905361297627293,0.9992804323212382,0.10416666666666667,0.043478260869565216,0.6666666666666666,234767.0,0.39752750368606105,7.0
position,opening_04,opening,100,4.0,16528.0,168398.0,11.338486,0.8529162633107454,0.9512342691190707,2.703896418199419,122.8696757018393,1.0859787465179882,0.20591170825335892,0.004836852207293666,0.9946474996176785,0.10714285714285714,0.0,0.25,6996.0,0.5069829730246795,5.0
position,opening_04,opening,500,5.0,86001.0,175510.0,9.702881,0.8378346969133507,0.9253845885512959,2.54920291624516,113.72258462110905,1.1694652520220645,0.21525821596244132,0.002916022467072431,0.9967136150234742,0.037037037037037035,0.9166666666666666,0.2,17088.0,0.4749954674563365,6.0
position,opening_04,opening,1000,6.0,160137.0,163403.0,7.369114,0.8295334619731854,0.9151968795756806,2.5062487469090424,111.51039934903231,1.1981495027486964,0.2057920237712461,0.0031488031221935183,0.9965296641646247,0.024691358024691357,0.7857142857142857,0.16666666666666666,23848.0,0.45675099634738653,7.0
position,opening_04,opening,3000,6.0,493382.0,167816.0,8.889225,0.8337636962840153,0.9111743030755074,2.5895715692911376,121.00502653116652,1.1903786318839369,0.13519085280886722,0.0012598385116089664,0.9985683653277171,0.020958083832335328,0.39823008849557523,0.16666666666666666,283293.0,0.4340780096000267,7.0
position,opening_05,opening,100,4.0,17979.0,183446.0,11.579542,0.8669558929862617,0.8171199733021859,2.522275988653429,119.50731408865899,1.3051075426843464,0.2664557607919175,0.024900500051025613,0.9744871925706705,0.0,0.0,0.25,3315.0,0.5171156893819334,5.0
position,opening_05,opening,500,5.0,87396.0,178356.0,9.734156,0.8644922663080027,0.8373838619616458,2.5013044075243718,118.22792805162707,1.3096445191628292,0.22165063246035988,0.006369143060751826,0.99338588989845,0.008064516129032258,0.5714285714285714,0.2,24908.0,0.4591868267702631,6.0
position,opening_05,opening,1000,5.0,178110.0,181744.0,11.223742,0.8613272696648139,0.8350962888102857,2.4613967006107713,114.6999045533659,1.3359363408121598,0.19041789887041258,0.0034663305376448346,0.9962670286517671,0.008064516129032258,0.6666666666666666,0.2,28626.0,0.46603070817475034,6.0
position,opening_05,opening,3000,6.0,522625.0,177763.0,8.974943,0.8469629275292992,0.8703226305793538,2.568742406122937,120.61556948098541,1.2490592066203616,0.15524072886198947,0.0008931229532598987,0.9989718344008863,0.028225806451612902,0.48,0.16666666666666666,487085.0,0.4398139138332082,7.0
position,pawn_01,pawn_endgame,100,7.0,40672.0,414999.0,4.554815,0.6266227380015735,0.6205497639653816,3.203948662470496,39.75614673485445,1.4303549926610826,0.3628012915175331,0.001676970440267314,0.998147823692839,0.0,0.0,0.0,0.0,0.0,8.0
position,pawn_01,pawn_endgame,500,9.0,209500.0,434130.0,3.901599,0.754873508353222,0.7449212410501194,3.455241050119332,37.44392362768497,1.4425026772084122,0.20557607841996567,0.0004944879141336281,0.9995055120858664,0.0,0.0,0.0,0.0,0.0,0.0
position,pawn_01,pawn_endgame,1000,9.0,363665.0,371084.0,4.148162,0.6384832194464686,0.632144968583724,3.234476784953185,38.95095761208805,1.3933321065680557,0.2601552851786832,0.00036901710058791134,0.9996030270584585,0.0,0.0,0.0,0.0,0.0,10.0
position,pawn_01,pawn_endgame,3000,10.0,1103652.0,375391.0,4.020529,0.7113890972879132,0.7014693037297989,3.3517222820236814,37.824863272118385,1.417426190573196,0.16150120254683237,0.00023065090056156054,0.9997591186159458,0.0,0.0,0.0,0.0,0.0,11.0
position,pawn_02,pawn_endgame,100,10.0,48423.0,494092.0,2.941069,0.6040724449125415,0.5944282675588047,3.1058794374574066,33.63860149102699,1.3252054339706167,0.42294226523649175,4.4600049060053966e-05,0.9996731415763915,0.0,0.0,0.2,0.0,0.0,11.0
position,pawn_02,pawn_endgame,500,12.0,261063.0,532776.0,2.827453,0.5875861382118492,0.5849545895052152,3.1489180772457224,33.883966705354645,1.3093096954920898,0.36276990355706534,1.1713716762328687e-05,0.9999336222716801,0.0,0.0,0.16666666666666666,0.0,0.0,13.0
position,pawn_02,pawn_endgame,1000,13.0,464268.0,473739.0,2.728383,0.5830554765781832,0.5815671120990462,3.150850370906459,33.87689868782686,1.3115739449265915,0.3303620429817149,0.0003593424686174244,0.9996101678673787,0.0,0.0,0.15384615384615385,0.0,0.0,14.0
position,pawn_02,pawn_endgame,3000,14.0,1434193.0,487819.0,2.752692,0.6125479625127163,0.6058006140038336,3.1924092503589128,33.89936221972914,1.3327981174298282,0.21063876078481725,0.00055925898184905,0.9994293275695418,0.0,0.0,0.14285714285714285,0.0,0.0,15.0
position,piece_01,piece_endgame,100,5.0,37810.0,385804.0,8.232303,0.8040729965617561,0.6518645860883364,3.3564929912721504,43.84919333509654,1.599749134440467,0.20137609042879961,0.0,0.9998157021747144,0.0,0.0,0.0,0.0,0.0,6.0
position,piece_01,piece_endgame,500,6.0,181088.0,369564.0,7.521682,0.819099001590387,0.6491816133592507,3.366004373564234,43.707269393885845,1.6285839350791105,0.18228216572870173,0.0,0.9999547189339544,0.0,0.0,0.0,0.0,0.0,7.0
position,piece_01,piece_endgame,1000,6.0,355013.0,362256.0,8.41474,0.879125553148758,0.6806145127079853,3.442442952793278,41.574855005309665,1.6834149974331012,0.121256229088961,0.00024259332261879492,0.99973382121546,0.0,0.0,0.0,0.0,0.0,7.0
position,piece_01,piece_endgame,3000,7.0,952606.0,324015.0,7.14711,0.8426316861325669,0.6630569196498868,3.394807506986099,42.76973061265623,1.64667523471462,0.09016493176264924,0.0003265360853413854,0.9996635312580703,0.0,0.0,0.0,0.0,0.0,8.0
position,piece_02,piece_endgame,100,6.0,36295.0,370349.0,5.754061,0.7227992836478854,0.6639206502273041,3.3161041465766634,44.287146989943516,1.4683218755354959,0.2719474835886214,0.0,0.9998033486908642,0.0,0.0,0.0,0.0,0.0,7.0
position,piece_02,piece_endgame,500,7.0,177215.0,392634.0,5.62064,0.871100076178653,0.7789746917585983,3.5380300764607964,38.96763817961234,1.5646373605745205,0.1251060816049918,0.0,1.0,0.0,0.0,0.0,0.0,0.0,0.0
position,piece_02,piece_endgame,1000,7.0,294243.0,300247.0,6.042877,0.690901737679401,0.6354169852808733,3.2588370836349547,45.58636229239098,1.4754984258941726,0.2289023415691469,0.0,0.999974456936219,0.0,0.0,0.0,0.0,0.0,8.0
position,piece_02,piece_endgame,3000,8.0,886407.0,301498.0,5.539291,0.7496184032842701,0.6839826400287904,3.359975722213385,42.73350955035328,1.500052713265024,0.16297142718216462,8.509241644228607e-05,0.9999027515240659,0.0,0.0,0.0,0.0,0.0,9.0
position,piece_03,piece_endgame,100,6.0,37412.0,381747.0,5.783204,0.7723992301935207,0.7225489147866995,3.36771624077836,44.37271463701486,1.6117233005493126,0.3067309054839167,0.00014170327334561429,0.9996599121439705,0.0,0.0,0.0,0.0,0.0,7.0
position,piece_03,piece_endgame,500,7.0,181012.0,369408.0,5.637688,0.7591375157448125,0.7087099197843237,3.365290698959185,45.06383002231896,1.569839563042258,0.24196396206779622,0.00082423243354626,0.9991286685702511,0.0,0.0,0.0,0.0,0.0,8.0
position,piece_03,piece_endgame,1000,7.0,303127.0,309311.0,5.995981,0.6441029667433122,0.613990175734923,3.196851484691235,49.218175880076664,1.4968681239207875,0.30021887367130706,0.000771691883235506,0.9992044061557793,0.0,0.0,0.0,0.0,0.0,8.0
position,piece_03,piece_endgame,3000,8.0,1095167.0,372505.0,5.687679,0.8290662519962709,0.7666848982849191,3.4634325175977727,42.140756615201155,1.594067363045195,0.1245388444795119,0.00032269669143274404,0.9996685290782866,0.0,0.0,0.0,0.0,0.0,9.0
position,qless_01,queenless_middlegame,100,4.0,17838.0,182012.0,11.556772,0.868987554658594,0.9511716560152483,2.766677878685951,129.26325821280412,1.1341703894185655,0.2038649394775961,0.00021235931195582927,0.9994547437295529,0.10344827586206896,0.0,0.0,835.0,0.5264339661155338,5.0
position,qless_01,queenless_middlegame,500,5.0,91260.0,186243.0,9.818748,0.8309007232084156,0.9634341442033749,2.7323142669296514,122.2456936226167,1.138343505740063,0.2130412633723892,0.00013099483298158795,0.9996655264158115,0.0425531914893617,0.7,0.0,7743.0,0.5021073335206518,6.0
position,qless_01,queenless_middlegame,1000,6.0,160271.0,169792.0,7.370141,0.8028963443168134,0.9584017071085849,2.668155811094958,117.56687111205396,1.160520648223605,0.24442006438733116,8.093379615474542e-05,0.999721228035467,0.0425531914893617,0.6875,0.0,11308.0,0.47857090527241203,0.0
position,qless_01,queenless_middlegame,3000,6.0,520118.0,176910.0,8.967753,0.8513452716498948,0.9535161568702656,2.7706261386518363,122.34152075942085,1.165983281941076,0.10061448699646204,0.00011638011296629632,0.9997801708977303,0.020833333333333332,0.4852941176470588,0.0,74934.0,0.4424991913497528,7.0
position,qless_02,queenless_middlegame,100,4.0,19907.0,203126.0,11.878222,0.8625106746370623,0.9791028281509017,3.156779022454413,105.69749334404983,1.213605079958274,0.2519896936730604,0.0010306326939593473,0.9987311108547698,0.043478260869565216,0.0,0.0,3324.0,0.528923988153998,5.0
position,qless_02,queenless_middlegame,500,5.0,108724.0,221883.0,10.168692,0.8138773407895221,0.9793145947536882,3.1188881939590156,105.01780655605019,1.2166944031470954,0.16827622014537902,0.00023883696780893044,0.9996200646916876,0.03333333333333333,0.8,0.0,25606.0,0.5336652346729835,6.0
position,qless_02,queenless_middlegame,1000,5.0,187977.0,191812.0,11.34543,0.7213701676268905,0.9792634205248515,2.950584380003937,109.92412901578385,1.195919637704604,0.2184389319007742,0.00014048203662305616,0.9996536091495801,0.03333333333333333,0.7837837837837838,0.0,40770.0,0.568210612609927,6.0
position,qless_02,queenless_middlegame,3000,6.0,641680.0,218258.0,9.287235,0.8325302331380127,0.9733543199102356,3.176736067821967,103.6696297219798,1.2406207399638023,0.12083342030013984,0.0007566112166308363,0.999139028615558,0.019230769230769232,0.5578947368421052,0.0,253132.0,0.4909115079540923,7.0
position,qless_03,queenless_middlegame,100,5.0,21980.0,224274.0,7.385936,0.8465423111919927,0.9884895359417653,2.7392174704276617,95.87606915377616,1.0876264904298714,0.19458618543870565,0.0013067828251400123,0.9983198506533915,0.0,0.0,0.0,10996.0,0.38812080018537115,6.0
position,qless_03,queenless_middlegame,500,6.0,101880.0,207904.0,6.834103,0.7514679976512038,0.9821358460934433,2.7678347074990186,99.46415390655673,1.1110378104243022,0.1561049690195602,0.0002672822257319888,0.9993682420119062,0.0,0.5476190476190477,0.0,91874.0,0.3972813608849927,7.0
position,qless_03,queenless_middlegame,1000,6.0,200396.0,204484.0,7.649766,0.784945807301543,0.9865067167009322,2.8961350021819334,103.22862731791054,1.104236535744332,0.12014735998575372,0.00012242899118511264,0.9996327130264446,0.0,0.5,0.0,200831.0,0.3942216029918604,7.0
position,qless_03,queenless_middlegame,3000,7.0,582985.0,198293.0,6.662931,0.7194696261481857,0.9790722009068713,2.828017172530471,97.66881480655591,1.1548125875484092,0.18105613057054418,0.00010161969348182252,0.9988967004707688,0.0,0.7893864013266998,0.0,401643.0,0.37173018542612046,8.0
position,tac_01,tactical_middlegame,100,5.0,17426.0,177810.0,7.050819,0.7289108229082979,0.8876965453919431,2.3610696660162973,124.6129920807988,1.2224056144283453,0.2131286394917946,0.00868184224457385,0.9903184165232358,0.0,0.18181818181818182,0.2,18795.0,0.511908444169502,6.0
position,tac_01,tactical_middlegame,500,6.0,82329.0,168017.0,6.595668,0.7576604008823248,0.8804673930206853,2.3722207977729752,119.8208650657727,1.273927069316732,0.19703984455585674,0.0021829347278528076,0.9972849824114078,0.019230769230769232,0.25,0.16666666666666666,128133.0,0.4665432905145511,7.0
position,tac_01,tactical_middlegame,1000,6.0,173501.0,177040.0,7.433878,0.7730337207370791,0.8410078989122528,2.3908277185722273,121.29930086858289,1.3520795408661421,0.2595677385345282,0.001033468479211384,0.9984327620864707,0.019230769230769232,0.3,0.16666666666666666,408843.0,0.4715899546447169,7.0
position,tac_01,tactical_middlegame,3000,7.0,492862.0,167639.0,6.504988,0.7358976752113168,0.8714934403545008,2.365114372785891,118.1509306864802,1.3024721880455299,0.13777561261550283,0.0005703354285239007,0.9979206520835067,0.023391812865497075,0.7322834645669292,0.14285714285714285,782147.0,0.476274188087611,8.0
position,tac_02,tactical_middlegame,100,2.0,13702.0,139810.0,117.055542,0.9873011239235148,0.8801634797839731,2.0715953875346664,112.50498565769703,1.2362680196714069,0.2355864811133201,0.0,0.9960238568588469,0.0,0.0,0.0,1318.0,0.4266809063893016,3.0
position,tac_02,tactical_middlegame,500,4.0,69883.0,142616.0,16.258965,0.9192313334311281,0.9132343392710951,2.2786607571351944,135.04638403990026,1.1367844268620901,0.19633455246975604,0.0012459306297978377,0.9985181625215267,0.0,0.0,0.0,35785.0,0.3938737218739546,5.0
position,tac_02,tactical_middlegame,1000,5.0,149578.0,152628.0,10.838609,0.9153351428686036,0.8978465615331553,2.201413309443902,128.4935752583936,1.1736030661976162,0.26335054420284587,0.004508762999054615,0.9953215523719487,0.0,0.0,0.0,61175.0,0.3435563903450983,6.0
position,tac_02,tactical_middlegame,3000,6.0,427858.0,145529.0,8.680604,0.8779291260184454,0.9067470983363639,2.2498141906894342,135.85555955480555,1.1500115847998136,0.2779061357978073,0.0016192310892369133,0.9982975673132924,0.0,0.06521739130434782,0.0,286795.0,0.33363826680505954,7.0
position,tac_03,tactical_middlegame,100,5.0,16798.0,171399.0,6.99925,0.9352303845695916,0.903143231337064,2.178175973330158,104.00357185379212,1.1933891863666701,0.288355408388521,0.014624724061810155,0.9834437086092715,0.0,0.0,0.0,6905.0,0.2963225806451613,6.0
position,tac_03,tactical_middlegame,500,6.0,88454.0,180514.0,6.664254,0.8561625251543175,0.9261424017003188,2.1991769733420763,109.66142853912768,1.1452095584863242,0.24694029586008726,0.0027670367873993402,0.9969491645677392,0.0,0.12903225806451613,0.0,47742.0,0.28363174864512586,7.0
position,tac_03,tactical_middlegame,1000,7.0,169881.0,173346.0,5.586805,0.800878261842113,0.9212036660956787,2.336129408232822,123.31247167134642,1.1324503778390014,0.24059015940293008,0.0011978254860407261,0.9981341564544366,0.0,0.35507246376811596,0.0,196797.0,0.2960640601575328,8.0
position,tac_03,tactical_middlegame,3000,8.0,424418.0,144359.0,5.052127,0.7907911540038358,0.9066227162844177,2.255123486751269,117.31272000716275,1.1645306756581826,0.19113022617491005,0.0011400598666508174,0.9971550273453934,0.0,0.6703056768558951,0.0,351048.0,0.2835424786893558,9.0
position,tac_04,tactical_middlegame,100,3.0,15885.0,162085.0,25.137905,0.9341190897942498,0.7936418004406673,2.1683471862651587,115.27088159149748,1.4682366690921267,0.3075780089153046,0.0022618037885213456,0.9960418433700876,0.0,0.0,0.3333333333333333,663.0,0.5537110161979208,4.0
position,tac_04,tactical_middlegame,500,5.0,89880.0,183426.0,9.788871,0.9250778816199376,0.7780373831775701,2.180017764911011,111.0350040937181,1.5006890532200365,0.33191447722491313,0.011008366358432409,0.9885512989872303,0.01639344262295082,0.0,0.4,15102.0,0.4540722305602523,6.0
position,tac_04,tactical_middlegame,1000,5.0,181121.0,184816.0,11.261436,0.9322029213060737,0.7670728408080786,2.1952973827662845,111.46241462889449,1.5682990576264753,0.2739406072739406,0.005457838791172125,0.994375327708661,0.010638297872340425,0.0,0.4,44229.0,0.4361607951230308,6.0
position,tac_04,tactical_middlegame,3000,7.0,485380.0,165095.0,6.490788,0.8849668465332662,0.7759491457214435,2.235749309819111,114.91704643784252,1.5269899866438321,0.20243275382152276,0.0017338851649848202,0.9974157803479728,0.0055248618784530384,0.4105263157894737,0.2857142857142857,195369.0,0.4237601985946357,8.0
position,tac_05,tactical_middlegame,100,5.0,20195.0,206056.0,7.261875,0.9079475117603367,0.7558637961758898,2.548502104481307,108.1101960217695,1.4776574534807547,0.10251945923801721,0.010958623514952888,0.98627611634576,0.0,0.0,4.0,910.0,0.5550484883057616,6.0
position,tac_05,tactical_middlegame,500,5.0,88494.0,180598.0,9.758493,0.9501435125545235,0.7694984970732479,2.4827558930548963,129.69695120573147,1.4905026945843272,0.02631924562002574,0.0028105382049328884,0.9965065272779806,0.0,0.0,4.0,910.0,0.5550484883057616,6.0
position,tac_05,tactical_middlegame,1000,6.0,165750.0,169132.0,7.411548,0.9353785822021116,0.7592699849170438,2.438841628959276,125.69058220211161,1.4801853975728976,0.2448458959983388,0.002689732300853636,0.9969421990685032,0.0,0.0,3.3333333333333335,910.0,0.5547984099943214,7.0
position,tac_05,tactical_middlegame,3000,7.0,527636.0,179467.0,6.568653,0.9312916480300814,0.7609336739722081,2.473775481582,129.1837554677846,1.4484726038716895,0.3326452848902019,0.0008095518643004582,0.999071770375488,0.0,0.0,2.857142857142857,910.0,0.5547984099943214,8.0
class,closed_middlegame,closed_middlegame,100,4.0,17852.5,182157.5,11.6428325,0.8775404643494755,0.9717455418703658,2.6993155699922937,123.89703940176403,1.0649168381060345,0.28297610028189113,0.0040136380576602055,0.9957565297198623,0.0,0.0,0.0,1847.5,0.4369734080318827,5.0
class,closed_middlegame,closed_middlegame,500,5.0,87073.5,177699.0,9.7269435,0.8498971461402639,0.9632153211123899,2.6729135407296525,119.47422895022866,1.090058803504987,0.21806792385239812,0.002266942516534487,0.9976236166673429,0.05833726972130373,0.2222222222222222,0.0,18019.5,0.43467356451446504,6.0
class,closed_middlegame,closed_middlegame,1000,5.5,165403.5,168768.5,9.1867925,0.8359470421869482,0.9539110016199281,2.5636864656894707,117.62630393060944,1.1141297814165902,0.23425526276373754,0.0014419912777748566,0.9983486550970284,0.044451827242524916,0.33963815789473684,0.0,25799.5,0.4598370392524515,6.5
class,closed_middlegame,closed_middlegame,3000,6.0,518101.5,176224.0,8.961949,0.8568581040840348,0.9672591821602545,2.6644728650204836,125.47191894726686,1.0828195913373313,0.12446529728229552,0.0004814199686353881,0.9994662399352454,0.039523809523809524,0.22210501640881386,0.0,237527.0,0.47099581238396093,7.0
class,normal_middlegame,normal_middlegame,100,4.0,16582.5,171606.0,11.291261500000001,0.8677740607751039,0.8986174408584842,2.394390239537346,121.0520496024002,1.1424246775976332,0.22906235201262826,0.004211963791735769,0.9951415484866479,0.0,0.0,0.0,6819.5,0.4754389164701536,5.0
class,normal_middlegame,normal_middlegame,500,5.0,82423.5,168209.5,9.592134999999999,0.8404824190171094,0.8935582557857573,2.4060328462967338,122.74139326412738,1.188571579464454,0.23991916797290214,0.001170769678947752,0.9984116890835464,0.0,0.7172413793103448,0.0,61270.5,0.44819524147758466,6.0
class,normal_middlegame,normal_middlegame,1000,6.0,167486.5,172182.0,7.484664,0.8281094693053681,0.888694863713396,2.3661643535634598,120.53108056852449,1.1944154462156713,0.24474518981438687,0.0008263656762149254,0.9987762006223206,0.0,0.7113095238095238,0.0,120225.5,0.4326078606013155,7.0
class,normal_middlegame,normal_middlegame,3000,7.0,491515.5,167181.5,6.5563009999999995,0.8211146339050299,0.9117500633089755,2.4930534136525346,124.41109407219125,1.14844861408503,0.15239322911913533,0.00035812710033461244,0.9991925173794948,0.008214624881291547,0.4910863784103221,0.0,578980.0,0.43968364168775737,7.5
class,opening,opening,100,4.0,17979.0,183446.0,11.57358,0.861307466075022,0.9512342691190707,2.8891698054795936,118.78916384475124,1.176115693889314,0.13441483198146004,0.010937410525110233,0.988618066736994,0.10714285714285714,0.0,0.75,2378.0,0.3913305237808549,5.0
class,opening,opening,500,5.0,92453.0,188678.0,9.734156,0.7940438280606728,0.9321626435588386,2.7400792396366778,113.57127402664102,1.190287659182211,0.22165063246035988,0.002867423816484876,0.996904765254583,0.07407407407407407,0.4444444444444444,0.5,7878.0,0.4591868267702631,6.0
class,opening,opening,1000,6.0,178110.0,181744.0,7.544444,0.8295334619731854,0.9279882806997775,2.71359833225343,114.5536129813787,1.2033290461562678,0.20530628008662188,0.002296583401150361,0.9976137601897958,0.06666666666666667,0.5,0.5,20668.0,0.4283127141018088,7.0
class,opening,opening,3000,6.0,537630.0,183945.0,8.920499,0.8337636962840153,0.9568978665625059,2.8105797667540875,121.00502653116652,1.1742611281396222,0.13519085280886722,0.0006905361297627293,0.999249744790236,0.06779661016949153,0.39823008849557523,0.42857142857142855,283293.0,0.39752750368606105,7.0
class,pawn_endgame,pawn_endgame,100,8.5,43491.5,443770.0,3.755769,0.6176197478734708,0.6100227093072972,3.1605598743235666,36.719302543792764,1.379323948981681,0.3901821400385973,0.0008580715711592538,0.998910815248462,0.0,0.0,0.1,0.0,0.0,9.5
class,pawn_endgame,pawn_endgame,500,10.5,234690.5,493911.0,3.366361,0.6716021606511128,0.66530426819457,3.302764533278812,35.665305113275686,1.3760806709014526,0.2840156799556051,0.0002531279713767369,0.9997181679297147,0.0,0.0,0.08333333333333333,0.0,0.0,6.5
class,pawn_endgame,pawn_endgame,1000,11.0,398068.5,406189.0,3.4215264999999997,0.6111347544457819,0.607240480303217,3.1933391435237333,36.34206365493441,1.3524269750650244,0.2944074155670834,0.0003672621486015466,0.9996065974629186,0.0,0.0,0.07692307692307693,0.0,0.0,12.0
class,pawn_endgame,pawn_endgame,3000,12.0,1312217.0,446330.5,3.381979,0.6622819638288806,0.6542366394840979,3.273967730950675,35.80820684152316,1.3747899079841353,0.18699635854236668,0.0003970394676956222,0.9995920257302515,0.0,0.0,0.07142857142857142,0.0,0.0,13.0
class,piece_endgame,piece_endgame,100,6.0,37480.0,382425.0,5.791444,0.7723992301935207,0.6639206502273041,3.3564929912721504,44.25453689660583,1.599749134440467,0.2719474835886214,0.0,0.9998033486908642,0.0,0.0,0.0,0.0,0.0,7.0
class,piece_endgame,piece_endgame,500,7.0,179825.0,369937.0,5.637688,0.819099001590387,0.7087099197843237,3.3661810217850623,43.707269393885845,1.569839563042258,0.18228216572870173,0.0,0.9999547189339544,0.0,0.0,0.0,0.0,0.0,7.0
class,piece_endgame,piece_endgame,1000,7.0,303127.0,309311.0,6.047776,0.690901737679401,0.6354169852808733,3.2588370836349547,45.58636229239098,1.4968681239207875,0.2289023415691469,0.00024259332261879492,0.99973382121546,0.0,0.0,0.0,0.0,0.0,8.0
class,piece_endgame,piece_endgame,3000,8.0,952606.0,324015.0,5.687679,0.8273590203295791,0.6839826400287904,3.394807506986099,42.701384602113144,1.594067363045195,0.1245388444795119,0.00031736483675729306,0.9996738465985325,0.0,0.0,0.0,0.0,0.0,9.0
class,queenless_middlegame,queenless_middlegame,100,4.0,19907.0,203126.0,11.556772,0.8619050027821337,0.9791028281509017,2.768168959125939,105.69749334404983,1.1341703894185655,0.2038649394775961,0.0010306326939593473,0.9987311108547698,0.043478260869565216,0.0,0.0,3324.0,0.5261663286004057,5.0
class,queenless_middlegame,queenless_middlegame,500,5.0,101880.0,207904.0,9.818748,0.8138773407895221,0.9793145947536882,2.7678347074990186,105.01780655605019,1.138343505740063,0.16827622014537902,0.00023883696780893044,0.9996200646916876,0.03333333333333333,0.7,0.0,25606.0,0.5021073335206518,6.0
class,queenless_middlegame,queenless_middlegame,1000,6.0,187977.0,191812.0,7.649766,0.784945807301543,0.9792634205248515,2.8961350021819334,109.92412901578385,1.160520648223605,0.2184389319007742,0.00012242899118511264,0.9996536091495801,0.03333333333333333,0.6875,0.0,40770.0,0.47857090527241203,6.0
class,queenless_middlegame,queenless_middlegame,3000,6.0,582985.0,198293.0,8.967753,0.8325302331380127,0.9733543199102356,2.828017172530471,103.6696297219798,1.165983281941076,0.12083342030013984,0.00011638011296629632,0.999139028615558,0.019230769230769232,0.5578947368421052,0.0,253132.0,0.4424991913497528,7.0
class,tactical_middlegame,tactical_middlegame,100,5.0,17209.0,175593.0,7.261875,0.9340462427745665,0.8801634797839731,2.178175973330158,112.50498565769703,1.2362680196714069,0.2355864811133201,0.00868184224457385,0.9903184165232358,0.0,0.0,0.2,1318.0,0.511908444169502,6.0
class,tactical_middlegame,tactical_middlegame,500,5.0,88018.0,179622.0,9.758493,0.9192313334311281,0.8804673930206853,2.2786607571351944,119.8208650657727,1.273927069316732,0.19757946312659658,0.002752390698330922,0.9969491645677392,0.0,0.0,0.16666666666666666,35785.0,0.4540722305602523,6.0
class,tactical_middlegame,tactical_middlegame,1000,6.0,169881.0,173346.0,7.466323,0.9153351428686036,0.8410078989122528,2.336129408232822,123.31247167134642,1.3520795408661421,0.2595677385345282,0.002689732300853636,0.9969421990685032,0.0,0.0,0.16666666666666666,61175.0,0.4361607951230308,6.0
class,tactical_middlegame,tactical_middlegame,3000,7.0,481678.0,163835.0,6.517689,0.8779291260184454,0.8714934403545008,2.255123486751269,118.2782212329533,1.3024721880455299,0.20251410231472478,0.0011400598666508174,0.9979206520835067,0.0,0.4105263157894737,0.14285714285714285,286795.0,0.4237601985946357,8.0
overall,overall,all,100,4.0,17614.0,179720.5,11.2419975,0.8641965866035675,0.9069488211021424,2.6141152447635867,116.72155097640865,1.203449057124451,0.23199147121535182,0.0023139138426813517,0.9960328501144673,0.0,0.0,0.0,1830.0,0.4506336052452584,5.0
overall,overall,all,500,5.0,89190.5,182019.0,9.6458555,0.8319106299465697,0.900599915179589,2.5261081835035215,113.66513317467465,1.1906068291439014,0.21565063540305562,0.0016339403337481434,0.9980065208719202,0.004032258064516129,0.4064327485380117,0.0,21572.5,0.43712650132374425,6.0
overall,overall,all,1000,6.0,175366.5,179136.5,7.48438,0.8153983148679644,0.8963004914109816,2.4787711562284325,114.69525426702413,1.19917005282361,0.23972151851505766,0.0010831612075519253,0.9985298163133149,0.00730023192072528,0.484375,0.0,29111.0,0.41906058989816636,7.0
overall,overall,all,3000,7.0,520784.0,177136.5,6.8983215,0.8345000183102338,0.9091531435878693,2.5844489464836355,121.8011290716243,1.1698594890866814,0.14178799194051345,0.0005378404885911394,0.99926492764681,0.01136261909329241,0.4011494252873563,0.0,273203.5,0.4163104558833932,7.5
